CREATE TABLE Track(
	track_id      	VARCHAR(10),
  	track_label		VARCHAR(30),
  	laptime			TIME,
  	PRIMARY KEY (track_id)
);

INSERT INTO Track(track_id, track_label, laptime) VALUES
('airport1', 'Airport 1', '00:00:36.509'),
('aqueduct', 'Aqueduct', '00:00:27.225'),
('biohaz', 'Biohazard Factory', '00:00:52.174'),
('botgar', 'Botanical Garden', '00:00:22.051'),
('bunk', 'The bunker', '00:00:31.960'),
('cake', 'Cake', '00:00:31.305'),
('casinorv', 'Casino RV', '00:00:40.878'),
('castle1', 'Castle 1', '00:00:48.605'),
('castle2', 'Castle 2', '00:00:40.885'),
('xmasglobe', 'Christmas Snow Globe', '00:00:24.505'),
('cliffsco', 'Cliffside Court', '00:00:31.461'),
('cumclouds', 'Cumulonimbus Clouds', '00:00:33.312'),
('desdistr1', 'Desolate District 1', '00:00:40.374'),
('dtown1', 'Downtown 1', '00:00:45.214'),
('dtown2', 'Downtown 2', '00:00:54.817'),
('elem1', 'Elementary 1', '00:00:22.680'),
('elem2', 'Elementary 2', '00:00:23.530'),
('foolsmate', 'Endgame (Fools Mate 2.1)', '00:00:34.706'),
('floatworld', 'Floating World', '00:00:21.856'),
('foolsmate2', 'Fools Mate2 (Check Mate)', '00:00:31.723'),
('freyja', 'Freyja', '00:00:33.103'),
('groom1', 'Game Room 1', '00:00:24.864'),
('groom2', 'Game Room 2', '00:00:36.526'),
('gt1', 'Ghost Town 1', '00:00:21.065'),
('gt2', 'Ghost Town 2', '00:00:30.280'),
('gt3', 'Ghost Town 3', '00:00:42.921'),
('glass', 'Glass', '00:00:39.309'),
('greatsil', 'The Great Silence', '00:00:40.971'),
('grisville', 'Grisville', '00:00:42.235'),
('hallowseve', 'Hallows Eve', '00:00:43.375'),
('helios', 'Helios by human', '00:00:41.567'),
('home1', 'Home 1', '00:00:13.563'),
('home2', 'Home 2', '00:00:28.794'),
('hosp1', 'Hospital 1', '00:00:36.432'),
('hosp2', 'Hospital 2', '00:00:25.958'),
('hbr3000', 'Hull Breach 3000', '00:00:35.097'),
('jhouserock', 'Jailhouse Rock', '00:00:48.001'),
('kadishspr', 'Kadish Sprint', '00:00:58.523'),
('library', 'Library', '00:00:42.618'),
('mansion', 'Mansion', '00:00:41.923'),
('medmayhem', 'Medieval Mayhem', '00:00:45.989'),
('metrovolt', 'Metro-Volt by human', '00:00:41.151'),
('miamimanic', 'Miami Manic', '00:00:19.312'),
('moondawn', 'Moon Dawn', '00:01:27.238'),
('mus1', 'Museum 1', '00:00:47.908'),
('mus2', 'Museum 2', '00:00:33.935'),
('mus3', 'Museum 3', '00:00:38.469'),
('musex', 'Museum EX', '00:01:01.958'),
('nhood1', 'Toys in the Hood 1', '00:00:38.781'),
('nhood2', 'Toys in the Hood 2', '00:00:34.789'),
('prcaves', 'Penny Racers - Caves', '00:00:26.291'),
('prharb', 'Penny Racers - Harbour', '00:00:38.563'),
('petrovolt', 'PetroVolt', '00:00:59.988'),
('plimano1', 'Port Limano 1', '00:00:19.005'),
('plimano2', 'Port Limano 2', '00:00:38.511'),
('quake', 'Quake!', '00:00:53.726'),
('radgarden', 'Radioactive Garden', '00:00:25.203'),
('reville', 'Re-Ville', '00:00:40.048'),
('roofbott', 'Roofbottom', '00:00:28.959'),
('rooftoprdx', 'Rooftop Chase: Redux', '00:00:41.730'),
('rooftops', 'Rooftops', '00:00:39.876'),
('rooftops1', 'Rooftops 1', '00:00:47.953'),
('room12x16', 'Room 12x16', '00:00:25.030'),
('route77', 'Route-77', '00:00:34.986'),
('sbxalpine', 'SBX Alpine', '00:00:37.191'),
('sakura', 'Sakura', '00:00:50.373'),
('santorini', 'Santorini', '00:00:31.006'),
('schools1', 'School''s Out! 1', '00:00:30.019'),
('schools2', 'School''s Out! 2', '00:01:44.480'),
('shakesplib', 'Shakespeare Library', '00:00:40.668'),
('skatoysrdx', 'Skating Toys Redux', '00:01:09.198'),
('spavolt1', 'SpaVolt 1', '00:00:43.389'),
('spavolt2', 'SpaVolt 2', '00:00:38.398'),
('spnkdnky1', 'Spoinky Doinky 1', '00:02:05.018'),
('stadvolt', 'StadVolt', '00:00:34.137'),
('subway2', 'Subway 2', '00:00:59.854'),
('sm1', 'Supermarket 1', '00:00:31.547'),
('sm2', 'Supermarket 2', '00:00:16.591'),
('synthwave', 'Synthwave', '00:00:31.321'),
('tetrfest', 'Tetris Festival', '00:00:29.666'),
('tw1', 'Toy World 1', '00:00:21.269'),
('tw2', 'Toy World 2', '00:00:28.119'),
('tw3', 'Toy World 3', '00:00:40.378'),
('twaqua', 'Toy World Aquatica: Redux', '00:00:38.692'),
('twex', 'Toy World EX', '00:00:41.839'),
('twmayhem', 'Toy World Mayhem', '00:00:31.759'),
('tt1', 'Toytanic 1', '00:00:44.911'),
('tuscany', 'Tuscany', '00:00:31.801'),
('urbspr1', 'Urban Sprint 1', '00:00:41.655'),
('urbanx', 'urbanX', '00:00:39.032'),
('venice', 'Venice', '00:00:39.579'),
('wrc', 'White Rose Chapel', '00:00:46.740'),
('wip', 'Wipeout', '00:00:37.873'),
('wip2097', 'Wipeout 2097', '00:00:28.812');

CREATE TABLE Player(
	player_id		VARCHAR(10),
	player_label	VARCHAR(30),
  	PRIMARY KEY (player_id)
);
INSERT INTO Player (player_id, player_label) VALUES
('ahma', 'Ahma'),
('ashen', 'Ashen Forest'),
('bgm', 'BGM'),
('c', 'C'),
('duc', 'ducsekbence'),
('erzu', 'Erzu'),
('dolo', 'Dolo'),
('famous', 'Famous'),
('floxit', 'Floxit'),
('frost', 'Frosttbitten'),
('g', 'G'),
('ganesh', 'Ganesh'),
('gforce', 'GForce'),
('iurac', 'Iurac'),
('kiki', 'Kiki'),
('kila', 'Kilabarus'),
('kipy', 'Kipy'),
('klnfln', 'KlnFln'),
('lagge', 'Laggeerok'),
('lamp', 'Lampaert'),
('lopes', 'LoPesca'),
('macaco', 'Macacosky'),
('maty', 'Maty07'),
('nick', 'Nickurn'),
('ohnej', 'OhNej'),
('power', 'Powerate'),
('sebr', 'SebR'),
('shige', 'Shigekix'),
('sting', 'Stingox'),
('supers', 'Supersajdzan'),
('tova', 'Tova'),
('tt', 'TT'),
('tubers', 'Tubers'),
('v', 'V'),
('vasosk', 'Vasosky'),
('vlad', 'Vlad'),
('wurzel', 'Wurzel'),
('zeino', 'Zeino');

CREATE TABLE Car(
	car_id 		VARCHAR(10),
  	car_label	VARCHAR(30),
  	PRIMARY KEY (car_id)
);
INSERT INTO Car(car_id, car_label) VALUES
('amw', 'AMW'),
('cougar', 'Cougar'),
('humma', 'Humma'),
('toyeca', 'Toyeca');

CREATE TABLE Championship(
	championship_id 		VARCHAR(10),
	championship_label		VARCHAR(60),
	startdate 				DATE,
	enddate 				DATE,
  	PRIMARY KEY (championship_id)
);
INSERT INTO Championship(championship_id, championship_label, startdate, enddate)
VALUES
('rvec2025', 'Re-Volt Endurance Championship 2025', '2025-06-30', '2025-09-03');

CREATE TABLE Race(
  	race_id				SERIAL,
	championship_id		VARCHAR(10),
	track_id			VARCHAR(10),
	track_idx			INT,
	duration			TIME,
  	PRIMARY KEY (race_id),
  	FOREIGN KEY (championship_id) REFERENCES Championship(championship_id),
  	FOREIGN KEY (track_id) REFERENCES Track(track_id)
);
INSERT INTO Race(championship_id, track_id, track_idx, duration) VALUES
('rvec2025', 'mus2', 1, '00:45:00'),
('rvec2025', 'plimano2', 2, '00:45:00'),
('rvec2025', 'groom2', 3, '00:45:00'),
('rvec2025', 'spavolt2', 4, '00:45:00'),
('rvec2025', 'venice', 5, '00:45:00'),
('rvec2025', 'dtown1', 6, '00:45:00'),
('rvec2025', 'spavolt1', 7, '00:45:00'),
('rvec2025', 'hosp1', 8, '00:45:00'),
('rvec2025', 'santorini', 9, '00:45:00'),
('rvec2025', 'wrc', 10, '00:45:00');

CREATE TABLE Racer(
	racer_id 	SERIAL,
  	player_id	VARCHAR(10),
  	race_id		SERIAL,
  	car_id		VARCHAR(10),
  	pos			INT NULL,
  	PRIMARY KEY (racer_id),
  	FOREIGN KEY (player_id) REFERENCES Player(player_id),
  	FOREIGN KEY (race_id) REFERENCES Race(race_id),
  	FOREIGN KEY (car_id) REFERENCES Car(car_id)
);
INSERT INTO Racer(player_id, race_id, car_id) VALUES
('sting',  1, 'toyeca'),
('sting',  2, 'toyeca'),
('sting',  3, 'toyeca'),
('sting',  4, 'toyeca'),
('sting',  5, 'toyeca'),
('sting',  6, 'toyeca'),
('sting',  7, 'toyeca'),
('sting',  8, 'toyeca'),
('sting',  9, 'toyeca'),
('sting', 10, 'toyeca'),
('famous', 1, 'toyeca'),
('famous', 2, 'toyeca'),
('famous', 3, 'toyeca'),
('famous', 4, 'toyeca'),
('famous', 5, 'toyeca'),
('famous', 6, 'cougar'),
('famous', 7, 'toyeca'),
('famous', 8, 'toyeca'),
('famous', 9, 'toyeca'),
('famous', 10, 'toyeca'),
('kila', 1, 'toyeca'),
('kila', 2, 'toyeca'),
('kila', 3, 'toyeca'),
('kila', 4, 'toyeca'),
('kila', 5, 'toyeca'),
('kila', 6, 'toyeca'),
('kila', 7, 'toyeca'),
('kila', 8, 'toyeca'),
('kila', 9, 'toyeca'),
('kila', 10, 'toyeca'),
('kiki', 1, 'toyeca'),
('kiki', 2, 'toyeca'),
('kiki', 3, 'toyeca'),
('kiki', 5, 'toyeca'),
('kiki', 6, 'toyeca'),
('kiki', 7, 'toyeca'),
('kiki', 8, 'toyeca'),
('kiki', 9, 'toyeca'),
('kiki', 10, 'toyeca'),
('nick', 1, 'toyeca'),
('nick', 2, 'toyeca'),
('nick', 3, 'toyeca'),
('nick', 4, 'toyeca'),
('nick', 5, 'toyeca'),
('nick', 6, 'cougar'),
('nick', 7, 'toyeca'),
('nick', 8, 'toyeca'),
('nick', 9, 'toyeca'),
('nick', 10, 'toyeca'),
('gforce', 1, 'toyeca'),
('gforce', 2, 'toyeca'),
('gforce', 3, 'toyeca'),
('gforce', 4, 'toyeca'),
('gforce', 5, 'toyeca'),
('gforce', 6, 'cougar'),
('gforce', 7, 'toyeca'),
('gforce', 8, 'toyeca'),
('gforce', 9, 'toyeca'),
('gforce', 10, 'toyeca'),
('macaco', 1, 'toyeca'),
('macaco', 2, 'toyeca'),
('macaco', 3, 'toyeca'),
('macaco', 4, 'toyeca'),
('macaco', 6, 'toyeca'),
('macaco', 7, 'toyeca'),
('macaco', 8, 'toyeca'),
('macaco', 9, 'toyeca'),
('macaco', 10, 'toyeca'),
('frost', 1, 'toyeca'),
('frost', 2, 'toyeca'),
('frost', 5, 'toyeca'),
('frost', 6, 'cougar'),
('frost', 7, 'toyeca'),
('frost', 8, 'toyeca'),
('frost', 10, 'toyeca'),
('power', 1, 'toyeca'),
('power', 2, 'toyeca'),
('power', 3, 'toyeca'),
('power', 4, 'toyeca'),
('power', 5, 'toyeca'),
('power', 6, 'cougar'),
('power', 7, 'toyeca'),
('power', 8, 'toyeca'),
('power', 9, 'toyeca'),
('power', 10, 'toyeca'),
('lamp', 1, 'toyeca'),
('lamp', 2, 'toyeca'),
('lamp', 3, 'toyeca'),
('lamp', 4, 'toyeca'),
('lamp', 5, 'toyeca'),
('lamp', 7, 'toyeca'),
('lamp', 9, 'toyeca'),
('ahma', 2, 'toyeca'),
('ahma', 3, 'toyeca'),
('ahma', 5, 'toyeca'),
('ahma', 6, 'toyeca'),
('ahma', 7, 'toyeca'),
('ahma', 8, 'toyeca'),
('ahma', 9, 'toyeca'),
('ahma', 10, 'toyeca'),
('lagge', 1, 'toyeca'),
('lagge', 3, 'toyeca'),
('lagge', 4, 'toyeca'),
('lagge', 6, 'toyeca'),
('lagge', 7, 'toyeca'),
('lagge', 8, 'toyeca'),
('lagge', 9, 'toyeca'),
('lagge', 10, 'toyeca'),
('erzu', 2, 'toyeca'),
('erzu', 4, 'toyeca'),
('erzu', 5, 'toyeca'),
('erzu', 7, 'toyeca'),
('erzu', 8, 'toyeca'),
('erzu', 9, 'cougar'),
('ashen', 1, 'toyeca'),
('ashen', 2, 'toyeca'),
('ashen', 3, 'toyeca'),
('ashen', 4, 'toyeca'),
('ashen', 5, 'toyeca'),
('ashen', 6, 'cougar'),
('v', 1, 'toyeca'),
('v', 6, 'cougar'),
('v', 7, 'humma'),
('v', 9, 'toyeca'),
('v', 10, 'toyeca'),
('ohnej', 1, 'toyeca'),
('ohnej', 2, 'toyeca'),
('ohnej', 3, 'toyeca'),
('iurac', 4, 'toyeca'),
('ohnej', 9, 'toyeca'),
('kipy', 5, 'toyeca'),
('wurzel', 5, 'toyeca'),
('wurzel', 6, 'toyeca'),
('shige', 8, 'toyeca'),
('klnfln', 1, 'toyeca'),
('maty', 2, 'toyeca');
